start_date,end_date,holiday_name,type,all_day,start_time,end_time,notes
2024-01-01,2024-01-01,New Year's Day,public_holiday,True,,,
2024-01-26,2024-01-26,Australia Day,public_holiday,True,,,
2024-03-11,2024-03-11,Adelaide Cup Day,public_holiday,True,,,
2024-03-29,2024-03-29,Good Friday,public_holiday,True,,,
2024-03-30,2024-03-30,Easter Saturday,public_holiday,True,,,
2024-03-31,2024-03-31,Easter Sunday,public_holiday,True,,,
2024-04-01,2024-04-01,Easter Monday,public_holiday,True,,,
2024-04-13,2024-04-28,Autumn holidays (SA schools),school_holiday,True,,,
2024-04-25,2024-04-25,Anzac Day,public_holiday,True,,,
2024-06-10,2024-06-10,King's Birthday,public_holiday,True,,,
2024-07-06,2024-07-21,Winter holidays (SA schools),school_holiday,True,,,
2024-09-28,2024-10-13,Spring holidays (SA schools),school_holiday,True,,,
2024-10-07,2024-10-07,Labour Day,public_holiday,True,,,
2024-12-14,2025-01-27,Summer holidays (SA schools),school_holiday,True,,,
2024-12-24,2024-12-24,Christmas Eve (Part-day),public_holiday,False,19:00,24:00,
2024-12-25,2024-12-25,Christmas Day,public_holiday,True,,,
2024-12-26,2024-12-26,Proclamation Day holiday,public_holiday,True,,,
2024-12-31,2024-12-31,New Year's Eve (Part-day),public_holiday,False,19:00,24:00,
2025-01-01,2025-01-01,New Year's Day,public_holiday,True,,,
2025-01-27,2025-01-27,Australia Day (observed),public_holiday,True,,,
2025-03-10,2025-03-10,Adelaide Cup Day,public_holiday,True,,,
2025-04-12,2025-04-27,Autumn holidays (SA schools),school_holiday,True,,,
2025-04-18,2025-04-18,Good Friday,public_holiday,True,,,
2025-04-19,2025-04-19,Easter Saturday,public_holiday,True,,,
2025-04-20,2025-04-20,Easter Sunday,public_holiday,True,,,
2025-04-21,2025-04-21,Easter Monday,public_holiday,True,,,
2025-04-25,2025-04-25,Anzac Day,public_holiday,True,,,
2025-06-09,2025-06-09,King's Birthday,public_holiday,True,,,
2025-07-05,2025-07-20,Winter holidays (SA schools),school_holiday,True,,,
2025-09-27,2025-10-12,Spring holidays (SA schools),school_holiday,True,,,
2025-10-06,2025-10-06,Labour Day,public_holiday,True,,,
2025-12-13,2026-01-26,Summer holidays (SA schools),school_holiday,True,,,
2025-12-24,2025-12-24,Christmas Eve (Part-day),public_holiday,False,19:00,24:00,
2025-12-25,2025-12-25,Christmas Day,public_holiday,True,,,
2025-12-26,2025-12-26,Proclamation Day holiday,public_holiday,True,,,
2025-12-31,2025-12-31,New Year's Eve (Part-day),public_holiday,False,19:00,24:00,
2026-01-01,2026-01-01,New Year's Day,public_holiday,True,,,
2026-01-26,2026-01-26,Australia Day,public_holiday,True,,,
2026-03-09,2026-03-09,Adelaide Cup Day,public_holiday,True,,,
2026-04-03,2026-04-03,Good Friday,public_holiday,True,,,
2026-04-04,2026-04-04,Easter Saturday,public_holiday,True,,,
2026-04-05,2026-04-05,Easter Sunday,public_holiday,True,,,
2026-04-06,2026-04-06,Easter Monday,public_holiday,True,,,
2026-04-11,2026-04-26,Autumn holidays (SA schools),school_holiday,True,,,
2026-04-25,2026-04-25,Anzac Day,public_holiday,True,,,
2026-06-08,2026-06-08,King's Birthday,public_holiday,True,,,
2026-07-04,2026-07-19,Winter holidays (SA schools),school_holiday,True,,,
2026-09-26,2026-10-11,Spring holidays (SA schools),school_holiday,True,,,
2026-10-05,2026-10-05,Labour Day,public_holiday,True,,,
2026-12-12,2027-01-26,Summer holidays (SA schools),school_holiday,True,,,
2026-12-24,2026-12-24,Christmas Eve (Part-day),public_holiday,False,19:00,24:00,
2026-12-25,2026-12-25,Christmas Day,public_holiday,True,,,
2026-12-26,2026-12-26,Proclamation Day holiday,public_holiday,True,,,
2026-12-28,2026-12-28,Proclamation Day holiday (Additional Day),public_holiday,True,,,Additional public holiday
2026-12-31,2026-12-31,New Year's Eve (Part-day),public_holiday,False,19:00,24:00,
2027-01-01,2027-01-01,New Year's Day,public_holiday,True,,,
2027-01-26,2027-01-26,Australia Day,public_holiday,True,,,
2027-03-08,2027-03-08,Adelaide Cup Day,public_holiday,True,,,
2027-03-26,2027-03-26,Good Friday,public_holiday,True,,,
2027-03-27,2027-03-27,Easter Saturday,public_holiday,True,,,
2027-03-28,2027-03-28,Easter Sunday,public_holiday,True,,,
2027-03-29,2027-03-29,Easter Monday,public_holiday,True,,,
2027-04-10,2027-04-25,Autumn holidays (SA schools),school_holiday,True,,,
2027-04-25,2027-04-25,Anzac Day,public_holiday,True,,,
2027-06-14,2027-06-14,King's Birthday,public_holiday,True,,,
2027-07-03,2027-07-18,Winter holidays (SA schools),school_holiday,True,,,
2027-09-25,2027-10-10,Spring holidays (SA schools),school_holiday,True,,,
2027-10-04,2027-10-04,Labour Day,public_holiday,True,,,
2027-12-11,2028-01-30,Summer holidays (SA schools),school_holiday,True,,,
2027-12-24,2027-12-24,Christmas Eve (Part-day),public_holiday,False,19:00,24:00,
2027-12-25,2027-12-25,Christmas Day,public_holiday,True,,,
2027-12-26,2027-12-26,Proclamation Day holiday,public_holiday,True,,,
2027-12-27,2027-12-27,Christmas Day (Additional Day),public_holiday,True,,,Additional public holiday
2027-12-28,2027-12-28,Proclamation Day holiday (Additional Day),public_holiday,True,,,Additional public holiday
2027-12-31,2027-12-31,New Year's Eve (Part-day),public_holiday,False,19:00,24:00,
